Temperature,MSE
0.7690000000000001,0.0
1.5190000000000001,250048509257.99872
2.269,4381324.224257247
3.019,4483648.890034533
3.769,2232187.5781605854
