Temperature,Partition_MHR
0.7690000000000001,2.3621921866154696e+18
1.5190000000000001,3106783479.753564
2.269,5516182.628513823
3.019,568534.6475713019
3.769,235248.6310832533
