Temperature,Partition_Exact
0.7690000000000001,2.3621921866154696e+18
1.5190000000000001,3107283528.260469
2.269,5514089.467214674
3.019,566417.1847286446
3.769,233754.58035514512
